{
    "loss": 1.1565849781036377,
    "accuracy": 0.8706896305084229
}