{
    "loss": 0.9004014730453491,
    "accuracy": 0.8879310488700867
}