{
    "loss": 0.6404694318771362,
    "accuracy": 0.9396551847457886
}